{
  "version": 1,
  "author": "Anonymous maker",
  "editor": "wokwi",
  "parts": [
    { "type": "board-esp32-devkit-c-v4", "id": "esp", "top": 0, "left": -187.16, "attrs": {} },
    {
      "type": "wokwi-lcd1602",
      "id": "lcd1",
      "top": -70.4,
      "left": 5.6,
      "attrs": { "pins": "i2c" }
    },
    {
      "type": "wokwi-resistor",
      "id": "r1",
      "top": 100.8,
      "left": -77.35,
      "rotate": 90,
      "attrs": { "value": "1000" }
    },
    {
      "type": "wokwi-resistor",
      "id": "r2",
      "top": 100.8,
      "left": -58.15,
      "rotate": 90,
      "attrs": { "value": "1000" }
    },
    {
      "type": "wokwi-pushbutton",
      "id": "btn1",
      "top": 121.4,
      "left": 0,
      "attrs": { "color": "green", "xray": "1" }
    },
    {
      "type": "wokwi-pushbutton",
      "id": "btn2",
      "top": 169.4,
      "left": 0,
      "attrs": { "color": "red", "xray": "1" }
    }
  ],
  "connections": [
    [ "esp:TX", "$serialMonitor:RX", "", [] ],
    [ "esp:RX", "$serialMonitor:TX", "", [] ],
    [ "esp:GND.2", "lcd1:GND", "black", [ "v0" ] ],
    [ "r1:1", "lcd1:VCC", "red", [ "h0", "v-76.8" ] ],
    [ "r2:1", "lcd1:VCC", "green", [ "h0", "v-67.2" ] ],
    [ "r2:2", "btn1:1.l", "green", [ "h0" ] ],
    [ "esp:4", "btn1:1.l", "green", [ "h0" ] ],
    [ "r1:2", "btn2:1.l", "red", [ "h0", "v46.8" ] ],
    [ "esp:2", "btn2:1.l", "red", [ "h19.2", "v19.2" ] ],
    [ "btn1:2.r", "esp:GND.3", "green", [ "h9.8", "v-47.8" ] ],
    [ "btn2:2.r", "esp:GND.3", "red", [ "h19.4", "v-115", "h0" ] ],
    [ "esp:3V3", "lcd1:VCC", "orange", [ "h0.15", "v-57.6", "h192" ] ],
    [ "esp:22", "lcd1:SCL", "orange", [ "h28.8", "v-57.6", "h0" ] ],
    [ "esp:21", "lcd1:SDA", "violet", [ "h67.2", "v-96" ] ]
  ],
  "dependencies": {}
}